log_amount,orig_balance_change,dest_balance_change,pct_amount_of_old_orig,type_enc,dest_is_merchant,large_transfer,same_orig_dest,hour_of_day,y_true,y_proba
14.199619470613941,-1468304.35,0.0,1.0,4,0,1,0,14,1,0.9999989
14.211634822577443,-1486052.97,0.0,1.0,4,0,1,0,14,1,0.9999989
14.701086858034188,-2424380.16,0.0,1.0,4,0,1,0,4,1,0.9999988
15.54860301010016,-5658123.36,0.0,1.0,4,0,1,0,4,1,0.9999988
15.428319846916562,-5016884.33,0.0,1.0,4,0,1,0,4,1,0.9999988
15.907026932045845,-8097183.22,0.0,1.0,4,0,1,0,5,1,0.9999988
15.081749862779985,-3547485.43,0.0,1.0,4,0,1,0,3,1,0.9999988
15.71818992083155,-6703831.4,0.0,1.0,4,0,1,0,4,1,0.9999988
15.080404510491292,-3542716.02,0.0,1.0,4,0,1,0,4,1,0.9999988
14.829141810740982,-2755588.11,0.0,1.0,4,0,1,0,5,1,0.9999988
15.516118038781464,-5477272.72,0.0,1.0,4,0,1,0,5,1,0.9999988
14.514285050462886,-2011285.35,0.0,1.0,4,0,1,0,5,1,0.9999988
14.505917006146106,-1994525.04,0.0,1.0,4,0,1,0,5,1,0.9999988
15.433739422500961,-5044147.53,0.0,1.0,4,0,1,0,3,1,0.9999988
15.65187070548626,-6273660.45,0.0,1.0,4,0,1,0,5,1,0.9999988
14.644717030192924,-2291498.65,0.0,1.0,4,0,1,0,3,1,0.9999988
14.792698454276456,-2656973.04,0.0,1.0,4,0,1,0,5,1,0.9999988
14.686194122954118,-2388542.02,0.0,1.0,4,0,1,0,4,1,0.9999988
14.482228010021267,-1947831.96,0.0,1.0,4,0,1,0,5,1,0.9999988
14.659191060738175,-2324907.08,0.0,1.0,4,0,1,0,3,1,0.9999988
14.654032209846818,-2312944.11,0.0,1.0,4,0,1,0,3,1,0.9999988
15.132750903763682,-3733104.07,0.0,1.0,4,0,1,0,4,1,0.9999988
14.476343507422888,-1936403.59,0.0,1.0,4,0,1,0,2,1,0.9999988
14.917817111093363,-3011102.29,0.0,1.0,4,0,1,0,5,1,0.9999988
14.54224479508483,-2068313.94,0.0,1.0,4,0,1,0,3,1,0.9999988
15.132288514148918,-3731378.32,0.0,1.0,4,0,1,0,6,1,0.9999987
14.611412073541633,-2216437.25,0.0,1.0,4,0,1,0,6,1,0.9999987
14.693614898230148,-2406332.79,0.0,1.0,4,0,1,0,2,1,0.9999987
14.428937781677698,-1846748.79,0.0,1.0,4,0,1,0,6,1,0.9999987
14.793309056626342,-2658595.89,0.0,1.0,4,0,1,0,2,1,0.9999987
15.574635401936684,-5807351.83,0.0,1.0,4,0,1,0,6,1,0.9999987
15.320701459008946,-4505012.56,0.0,1.0,4,0,1,0,6,1,0.9999987
15.519324383001889,-5494862.93,0.0,1.0,4,0,1,0,2,1,0.9999987
14.42972299391619,-1848199.45,0.0,1.0,4,0,1,0,7,1,0.9999987
14.908921127787016,-2984434.36,0.0,1.0,4,0,1,0,2,1,0.9999987
15.19515295373795,-3973479.44,0.0,1.0,4,0,1,0,6,1,0.9999987
15.29163014992951,-4375931.29,0.0,1.0,4,0,1,0,2,1,0.9999987
14.674581728717259,-2360965.74,0.0,1.0,4,0,1,0,2,1,0.9999987
15.005905134981658,-3288377.47,0.0,1.0,4,0,1,0,2,1,0.9999987
15.617823811244516,-6063657.03,0.0,1.0,4,0,1,0,2,1,0.9999987
15.594985945860698,-5926745.36,0.0,1.0,4,0,1,0,7,1,0.9999987
15.404845380567847,-4900487.15,0.0,1.0,4,0,1,0,2,1,0.9999987
15.111134679339719,-3653274.35,0.0,1.0,4,0,1,0,7,1,0.9999987
15.188603758429887,-3947541.37,0.0,1.0,4,0,1,0,7,1,0.9999987
14.764323920839832,-2582642.18,0.0,1.0,4,0,1,0,6,1,0.9999987
14.972050885346228,-3178915.22,0.0,1.0,4,0,1,0,6,1,0.9999987
14.220889355681138,-1499869.54,0.0,1.0,4,0,1,0,18,1,0.99999857
14.249871944686545,-1543975.74,0.0,1.0,4,0,1,0,18,1,0.99999857
14.934744608934098,-3062506.58,0.0,1.0,4,0,1,0,8,1,0.99999845
15.283344174832335,-4339822.23,0.0,1.0,4,0,1,0,8,1,0.99999845
14.151724325470937,-1399637.19,0.0,1.0,4,0,1,0,4,1,0.99999845
14.836570709633511,-2776135.33,0.0,1.0,4,0,1,0,8,1,0.99999845
15.350361632529843,-4640633.37,0.0,1.0,4,0,1,0,8,1,0.99999845
15.315997023947915,-4483868.79,0.0,1.0,4,0,1,0,8,1,0.99999845
14.151230604618673,-1398946.33,0.0,1.0,4,0,1,0,3,1,0.99999845
14.178271964751884,-1437291.89,0.0,1.0,4,0,1,0,3,1,0.99999845
15.536743031323821,-5591414.49,0.0,1.0,4,0,1,0,8,1,0.99999845
16.063215914019906,-9465988.82,0.0,1.0,4,0,1,0,11,1,0.99999833
15.220616266008575,-4075956.58,0.0,1.0,4,0,1,0,11,1,0.99999833
14.97891753808054,-3200818.85,0.0,1.0,4,0,1,0,11,1,0.99999833
15.233510626240264,-4128853.75,0.0,1.0,4,0,1,0,9,1,0.99999833
15.709885413427779,-6648389.9,0.0,1.0,4,0,1,0,9,1,0.99999833
14.625812114393218,-2248584.96,0.0,1.0,4,0,1,0,11,1,0.99999833
14.499011891561127,-1980800.05,0.0,1.0,4,0,1,0,9,1,0.99999833
16.106814260698492,-9887819.06,0.0,1.0,4,0,1,0,9,1,0.99999833
14.662142027791173,-2331777.94,0.0,1.0,4,0,1,0,11,1,0.99999833
15.507294059173821,-5429153.98,0.0,1.0,4,0,1,0,9,1,0.99999833
14.150331775259989,-1397689.48,0.0,1.0,4,0,1,0,2,1,0.99999833
14.217524818741866,-1494831.65,0.0,1.0,4,0,1,0,11,1,0.9999982
14.192126412774828,-1457343.37,0.0,1.0,4,0,1,0,16,1,0.9999982
14.331415826462358,-1675153.28,0.0,1.0,4,0,1,0,7,1,0.9999982
14.190440758128021,-1454888.86,0.0,1.0,4,0,1,0,16,1,0.9999982
14.298589506434459,-1621056.88,0.0,1.0,4,0,1,0,7,1,0.9999981
14.30606898253727,-1633227.0,0.0,1.0,4,0,1,0,7,1,0.9999981
14.087373520468793,-1312406.14,0.0,1.0,4,0,1,0,3,1,0.999998
14.280039497155133,-1591263.43,0.0,1.0,4,0,1,0,11,1,0.999998
14.089269737702313,-1314897.11,0.0,1.0,4,0,1,0,5,1,0.999998
14.3174668391387,-1651948.79,0.0,1.0,4,0,1,0,18,1,0.999998
14.306682315608592,-1634229.02,0.0,1.0,4,0,1,0,18,1,0.999998
14.02702347085893,-1235544.92,0.0,1.0,4,0,1,0,3,1,0.999998
14.024716583638211,-1232697.94,0.0,1.0,4,0,1,0,3,1,0.999998
14.680293980972467,-2374490.77,0.0,1.0,4,0,1,0,10,1,0.99999785
15.082957242523722,-3551771.18,0.0,1.0,4,0,1,0,10,1,0.99999785
14.414021011399724,-1819405.69,0.0,1.0,4,0,1,0,8,1,0.99999785
14.337687378437272,-1685692.11,0.0,1.0,4,0,1,0,8,1,0.99999785
14.145054125268583,-1390332.39,0.0,1.0,4,0,1,0,6,1,0.99999785
14.637300530764744,-2274566.61,0.0,1.0,4,0,1,0,10,1,0.99999785
14.794864569592336,-2662734.59,0.0,1.0,4,0,1,0,10,1,0.99999785
14.812056008266866,-2708906.59,0.0,1.0,4,0,1,0,10,1,0.99999785
14.22299752739926,-1503034.86,0.0,1.0,4,0,1,0,21,1,0.99999785
15.435336742964832,-5052211.09,0.0,1.0,4,0,1,0,10,1,0.99999785
14.024161354822601,-1232013.7,0.0,1.0,4,0,1,0,2,1,0.99999785
14.637388231500276,-2274766.1,0.0,1.0,4,0,1,0,10,1,0.99999785
14.086416621785254,-1311150.9,0.0,1.0,4,0,1,0,2,1,0.99999785
15.65991005840594,-6324299.91,0.0,1.0,4,0,1,0,10,1,0.99999785
14.085492694164804,-1309940.05,0.0,1.0,4,0,1,0,7,1,0.99999785
16.11412612279581,-9960382.4,0.0,1.0,4,0,1,0,10,1,0.99999785
14.376615037248653,-1752606.15,0.0,1.0,4,0,1,0,18,1,0.99999785
14.167340670638376,-1421665.98,0.0,1.0,4,0,1,0,21,1,0.99999785
14.17927744055168,-1438737.78,0.0,1.0,4,0,1,0,22,1,0.99999785
14.09396941452572,-1321091.25,0.0,1.0,4,0,1,0,6,1,0.99999785
15.025724264285397,-3354200.39,0.0,1.0,4,0,1,0,10,1,0.99999785
14.47168500836277,-1927403.83,0.0,1.0,4,0,1,0,10,1,0.99999785
14.050228767721773,-1264551.38,0.0,1.0,4,0,1,0,2,1,0.99999785
14.414822572352234,-1820864.64,0.0,1.0,4,0,1,0,8,1,0.99999785
14.252718127700904,-1548376.44,0.0,1.0,4,0,1,0,13,1,0.9999976
14.151006847075033,-1398633.34,0.0,1.0,4,0,1,0,13,1,0.9999976
14.816380935564734,-2720647.79,0.0,1.0,4,0,1,0,14,1,0.9999975
14.823194462723206,-2739248.3,0.0,1.0,4,0,1,0,14,1,0.9999975
14.29751350038524,-1619313.55,0.0,1.0,4,0,1,0,9,1,0.9999975
16.005107103477886,-8931607.89,0.0,1.0,4,0,1,0,14,1,0.9999975
15.867382163933184,-7782452.17,0.0,1.0,4,0,1,0,14,1,0.9999975
14.819308992971193,-2728625.68,0.0,1.0,4,0,1,0,14,1,0.9999975
15.826278660169034,-7469051.14,0.0,1.0,4,0,1,0,14,1,0.9999975
14.55456397196972,-2093951.47,0.0,1.0,4,0,1,0,14,1,0.9999974
14.19526874307648,-1461930.03,0.0,1.0,4,0,1,0,20,1,0.9999974
14.659769165927806,-2326251.51,0.0,1.0,4,0,1,0,14,1,0.9999974
12.88635525621441,-394886.13,0.0,1.0,4,0,1,0,4,1,0.9999974
14.579086290262238,-2145934.81,0.0,1.0,4,0,1,0,14,1,0.9999974
12.685385372855556,-322991.82,0.0,1.0,4,0,1,0,5,1,0.9999974
14.565748844821288,-2117503.53,0.0,1.0,4,0,1,0,14,1,0.9999974
14.715717130463226,-2460110.25,0.0,1.0,4,0,1,0,14,1,0.9999974
14.366787399041145,-1735466.52,0.0,1.0,4,0,1,0,13,1,0.9999974
13.742712140277371,-929787.24,0.0,1.0,4,0,1,0,5,1,0.99999726
15.183924548767655,-3929113.14,0.0,1.0,4,0,1,0,1,1,0.99999726
13.883971660086956,-1070857.97,0.0,1.0,4,0,1,0,4,1,0.99999726
13.685441757926608,-878034.02,0.0,1.0,4,0,1,0,5,1,0.99999726
12.868180476128497,-387773.97,0.0,1.0,4,0,1,0,2,1,0.99999726
12.724452246036442,-335859.86,0.0,1.0,4,0,1,0,2,1,0.99999726
12.706662704167568,-329937.88,0.0,1.0,4,0,1,0,3,1,0.99999726
12.797911616515917,-361460.79,0.0,1.0,4,0,1,0,3,1,0.99999726
12.746004658534765,-343177.04,0.0,1.0,4,0,1,0,3,1,0.99999726
12.853120467204864,-381977.83,0.0,1.0,4,0,1,0,4,1,0.99999726
13.784288244955604,-969259.07,0.0,1.0,4,0,1,0,4,1,0.99999726
14.481640199635967,-1946687.34,0.0,1.0,4,0,1,0,13,1,0.99999714
13.806327048328551,-990857.53,0.0,1.0,4,0,1,0,2,1,0.99999714
12.776448224453421,-353785.26,0.0,1.0,4,0,1,0,2,1,0.99999714
13.840284211173206,-1025082.07,0.0,1.0,4,0,1,0,2,1,0.99999714
14.244031864043691,-1534985.07,0.0,1.0,4,0,1,0,10,1,0.99999714
14.224217957493595,-1504870.33,0.0,1.0,4,0,1,0,10,1,0.99999714
13.72328200606351,-911895.71,0.0,1.0,4,0,1,0,2,1,0.99999714
13.778362161678364,-963532.14,0.0,1.0,4,0,1,0,2,1,0.99999714
13.842301805902572,-1027152.36,0.0,1.0,4,0,1,0,2,1,0.99999714
12.666274803155156,-316877.85,0.0,1.0,4,0,1,0,6,1,0.999997
14.077045078289284,-1298920.78,0.0,1.0,4,0,1,0,9,1,0.999997
14.311299976455235,-1641792.79,0.0,1.0,4,0,1,0,10,1,0.999997
13.680100224091843,-873356.47,0.0,1.0,4,0,1,0,5,1,0.999997
12.830761285037518,-373531.87,0.0,1.0,4,0,1,0,3,1,0.999997
12.666290865947357,-316882.94,0.0,1.0,4,0,1,0,6,1,0.999997
12.808566680448978,-365332.78,0.0,1.0,4,0,1,0,3,1,0.999997
12.933855307540108,-414095.91,0.0,1.0,4,0,1,0,4,1,0.999997
13.634234034932275,-834203.65,0.0,1.0,4,0,1,0,3,1,0.999997
14.401111613940099,-1796069.2,0.0,1.0,4,0,1,0,10,1,0.999997
13.848828953971069,-1033878.67,0.0,1.0,4,0,1,0,7,1,0.999997
13.841846171308914,-1026684.46,0.0,1.0,4,0,1,0,6,1,0.999997
13.7871221430522,-972009.75,0.0,1.0,4,0,1,0,7,1,0.999997
13.678254247869104,-871745.76,0.0,1.0,4,0,1,0,2,1,0.9999969
14.358184741058569,-1720600.92,0.0,1.0,4,0,1,0,21,1,0.9999969
14.381405067693235,-1761021.33,0.0,1.0,4,0,1,0,21,1,0.9999969
12.77435463041208,-353045.35,0.0,1.0,4,0,1,0,7,1,0.9999969
14.21706665583739,-1494146.93,0.0,1.0,4,0,1,0,12,1,0.9999968
13.875056320374071,-1061353.33,0.0,1.0,4,0,1,0,8,1,0.99999666
13.831464612525213,-1016081.0,0.0,1.0,4,0,1,0,8,1,0.99999666
14.214231099195965,-1489916.19,0.0,1.0,4,0,1,0,23,1,0.99999666
15.074849133973574,-3523089.46,0.0,1.0,4,0,1,0,13,1,0.99999666
13.843091638813208,-1027963.96,0.0,1.0,4,0,1,0,8,1,0.99999666
15.522546242576023,-5512595.16,0.0,1.0,4,0,1,0,13,1,0.99999666
15.966582533536519,-8594065.09,0.0,1.0,4,0,1,0,0,1,0.99999654
15.055460697336102,-3455440.17,0.0,1.0,4,0,1,0,0,1,0.99999654
12.872044473424626,-389275.23,0.0,1.0,4,0,1,0,8,1,0.99999654
15.699610469871121,-6580427.81,0.0,1.0,4,0,1,0,0,1,0.99999654
14.992038342625353,-3243092.91,0.0,1.0,4,0,1,0,0,1,0.99999654
14.131286525253037,-1371322.0,0.0,1.0,4,0,1,0,14,1,0.99999654
14.638748574841946,-2277862.67,0.0,1.0,4,0,1,0,13,1,0.9999964
14.316176730833025,-1649818.97,0.0,1.0,4,0,1,0,20,1,0.9999964
12.878650827206238,-391855.44,0.0,1.0,4,0,1,0,8,1,0.9999964
13.057179890988028,-468446.77,0.0,1.0,4,0,1,0,7,1,0.9999964
13.223836798087662,-553399.25,0.0,1.0,4,0,1,0,4,1,0.9999963
14.023589721017078,-1231309.64,0.0,1.0,4,0,1,0,10,1,0.9999963
13.646162255412854,-844213.81,0.0,1.0,4,0,1,0,8,1,0.9999963
14.146495179415599,-1392337.38,0.0,1.0,4,0,1,0,10,1,0.9999963
15.54081804455438,-5614246.07,0.0,1.0,4,0,1,0,15,1,0.9999962
15.052418378120572,-3444943.59,0.0,1.0,4,0,1,0,18,1,0.9999962
15.233663007977878,-4129482.96,0.0,1.0,4,0,1,0,15,1,0.9999962
15.887166268570244,-7937954.2,0.0,1.0,4,0,1,0,15,1,0.9999962
15.265388284205429,-4262592.28,0.0,1.0,4,0,1,0,18,1,0.9999962
13.225864771966991,-554522.67,0.0,1.0,4,0,1,0,2,1,0.9999962
15.17336793099876,-3887853.15,0.0,1.0,4,0,1,0,18,1,0.9999962
15.61215611413746,-6029387.26,0.0,1.0,4,0,1,0,15,1,0.9999962
15.674584393666464,-6417789.09,0.0,1.0,4,0,1,0,15,1,0.9999962
14.045596228908805,-1258706.84,0.0,1.0,4,0,1,0,13,1,0.9999962
15.286646018348875,-4354175.33,0.0,1.0,4,0,1,0,15,1,0.9999962
14.009853410244073,-1214511.61,0.0,1.0,4,0,1,0,13,1,0.9999962
14.453104298377605,-1891921.94,1891921.94,1.0,1,0,1,0,2,1,0.9999962
12.909581112093612,-404165.06,0.0,1.0,4,0,1,0,8,1,0.99999607
12.917425198060743,-407347.84,0.0,1.0,4,0,1,0,8,1,0.99999607
13.180869974259233,-530124.99,0.0,1.0,4,0,1,0,5,1,0.99999607
13.858508714126248,-1043934.97,0.0,1.0,4,0,1,0,9,1,0.99999607
13.805415342315811,-989954.57,0.0,1.0,4,0,1,0,9,1,0.99999607
13.262271343900055,-575082.97,0.0,1.0,4,0,1,0,2,1,0.99999607
12.903152557753456,-401575.19,0.0,1.0,4,0,1,0,8,1,0.99999607
13.238273228634586,-561446.32,0.0,1.0,4,0,1,0,6,1,0.99999607
13.302060961257089,-598426.68,0.0,1.0,4,0,1,0,5,1,0.99999595
13.435969684176774,-684174.46,0.0,1.0,4,0,1,0,5,1,0.99999595
14.495751459658207,-1974352.3,0.0,1.0,4,0,1,0,18,1,0.99999595
13.448764426583796,-692984.55,0.0,1.0,4,0,1,0,4,1,0.99999595
13.14938328948721,-513693.13,0.0,1.0,4,0,1,0,4,1,0.99999595
13.478945589043555,-714218.48,0.0,1.0,4,0,1,0,4,1,0.99999595
13.362026242423145,-635409.32,0.0,1.0,4,0,1,0,4,1,0.99999595
14.658331565038448,-2322909.69,0.0,1.0,4,0,1,0,18,1,0.99999595
13.297257233669356,-595558.89,0.0,1.0,4,0,1,0,3,1,0.99999595
13.448635541132283,-692895.24,0.0,1.0,4,0,1,0,3,1,0.99999595
14.545630605046806,-2075328.73,0.0,1.0,4,0,1,0,15,1,0.99999595
13.295023024581045,-594229.77,0.0,1.0,4,0,1,0,3,1,0.99999595
13.31741196749874,-607684.02,0.0,1.0,4,0,1,0,4,1,0.99999595
13.351406706751607,-628697.26,0.0,1.0,4,0,1,0,4,1,0.99999595
13.52613079191254,-748726.81,0.0,1.0,4,0,1,0,2,1,0.9999958
13.284778509515341,-588173.24,0.0,1.0,4,0,1,0,7,1,0.9999958
13.509906658003013,-736677.36,0.0,1.0,4,0,1,0,2,1,0.9999958
13.503808091932287,-732198.35,0.0,1.0,4,0,1,0,2,1,0.9999958
13.448287708517343,-692654.27,0.0,1.0,4,0,1,0,2,1,0.9999958
13.368393767490064,-639468.22,0.0,1.0,4,0,1,0,7,1,0.9999957
13.367181512614081,-638693.49,0.0,1.0,4,0,1,0,6,1,0.9999957
15.823163598129696,-7445820.78,0.0,1.0,4,0,1,0,12,1,0.9999957
13.537678256854278,-757422.83,0.0,1.0,4,0,1,0,6,1,0.9999957
13.412936631360088,-668595.91,0.0,1.0,4,0,1,0,6,1,0.9999957
15.133399196620056,-3735525.0,0.0,1.0,4,0,1,0,12,1,0.9999957
15.513824932701256,-5464727.14,0.0,1.0,4,0,1,0,12,1,0.9999957
13.52691833812065,-749316.7,0.0,1.0,4,0,1,0,6,1,0.9999957
14.056490019540236,-1272493.9,0.0,1.0,4,0,1,0,1,1,0.9999956
15.122607744263622,-3695429.98,0.0,1.0,4,0,1,0,17,1,0.9999956
14.060191521161451,-1277212.77,0.0,1.0,4,0,1,0,1,1,0.9999956
15.98119395208399,-8720558.46,0.0,1.0,4,0,1,0,17,1,0.9999956
15.315528450536311,-4481768.26,0.0,1.0,4,0,1,0,17,1,0.9999956
15.139947876899631,-3760068.04,0.0,1.0,4,0,1,0,17,1,0.9999956
12.402253056555764,-243348.28,0.0,1.0,4,0,1,0,7,1,0.9999956
12.537607391352076,-278619.91,0.0,1.0,4,0,1,0,5,1,0.9999956
15.50065487851525,-5393228.23,0.0,1.0,4,0,1,0,17,1,0.9999956
12.533526661391457,-277485.25,0.0,1.0,4,0,1,0,5,1,0.9999956
13.08238483957445,-480404.03,0.0,1.0,4,0,1,0,8,1,0.9999956
12.51043220977218,-271150.29,0.0,1.0,4,0,1,0,2,1,0.99999547
15.004480470631844,-3283695.97,0.0,1.0,4,0,1,0,16,1,0.99999535
14.503299564112291,-1989311.31,0.0,1.0,4,0,1,0,12,1,0.99999535
14.549264745136231,-2082884.49,0.0,1.0,4,0,1,0,12,1,0.99999535
12.49005436762232,-265680.73,0.0,1.0,4,0,1,0,7,1,0.99999535
13.727415324723701,-915672.67,0.0,1.0,4,0,1,0,14,1,0.99999535
14.38327998020865,-1764326.19,0.0,1.0,4,0,1,0,0,1,0.99999535
14.578281385030774,-2144208.23,0.0,1.0,4,0,1,0,12,1,0.99999535
15.812264239136393,-7365106.76,0.0,1.0,4,0,1,0,16,1,0.99999535
14.94598409330066,-3097121.75,0.0,1.0,4,0,1,0,16,1,0.99999535
14.277028699574954,-1586479.66,0.0,1.0,4,0,1,0,23,1,0.99999535
14.919825558550414,-3017156.01,0.0,1.0,4,0,1,0,16,1,0.99999535
13.725241206808418,-913684.05,0.0,1.0,4,0,1,0,14,1,0.99999535
14.624714631920542,-2246118.53,0.0,1.0,4,0,1,0,12,1,0.99999535
15.444152436179563,-5096946.74,0.0,1.0,4,0,1,0,16,1,0.99999535
15.387285665795128,-4815187.09,0.0,1.0,4,0,1,0,16,1,0.99999535
14.657782051593891,-2321633.57,0.0,1.0,4,0,1,0,17,1,0.99999523
14.753431254379615,-2554662.97,0.0,1.0,4,0,1,0,17,1,0.99999523
13.111197146444136,-494446.94,0.0,1.0,4,0,1,0,8,1,0.99999523
14.491403287966298,-1965786.11,0.0,1.0,4,0,1,0,17,1,0.99999523
14.04579472231141,-1258956.71,0.0,1.0,4,0,1,0,22,1,0.99999523
14.492533199062287,-1968008.53,1968008.54,1.0,1,0,1,0,7,1,0.9999951
14.489754930868893,-1962548.46,0.0,1.0,4,0,1,0,16,1,0.9999951
14.562898170582114,-2111475.81,0.0,1.0,4,0,1,0,16,1,0.9999951
12.422838140215143,-248409.56,0.0,1.0,4,0,1,0,8,1,0.999995
13.804765152322897,-989311.12,0.0,1.0,4,0,1,0,10,1,0.999995
13.803025533387347,-987591.59,0.0,1.0,4,0,1,0,10,1,0.999995
12.57123374993767,-288148.22,0.0,1.0,4,0,1,0,4,1,0.999995
13.271945758426043,-580673.57,0.0,1.0,4,0,1,0,8,1,0.999995
12.430112754816147,-250223.24,0.0,1.0,4,0,1,0,6,1,0.9999949
13.838599710088987,-1023356.77,0.0,1.0,4,0,1,0,13,1,0.9999949
13.793067199404438,-977805.62,0.0,1.0,4,0,1,0,13,1,0.9999949
13.601657664521303,-807466.16,0.0,1.0,4,0,1,0,9,1,0.99999475
13.484714477445934,-718350.64,0.0,1.0,4,0,1,0,8,1,0.99999475
13.421790036406003,-674541.55,0.0,1.0,4,0,1,0,8,1,0.99999475
13.436103602842394,-684266.09,0.0,1.0,4,0,1,0,8,1,0.99999475
14.47734669410262,-1938347.14,0.0,1.0,4,0,1,0,22,1,0.99999464
14.441041863185621,-1869237.83,0.0,1.0,4,0,1,0,21,1,0.99999464
15.63489793733477,-6168077.6,0.0,1.0,4,0,1,0,22,1,0.9999945
12.447922654939116,-254719.63,0.0,1.0,4,0,1,0,4,1,0.9999945
14.885261911058574,-2914653.69,0.0,1.0,4,0,1,0,22,1,0.9999945
14.13827623743896,-1380940.73,0.0,1.0,4,0,1,0,0,1,0.9999944
14.08909003463022,-1314660.84,0.0,1.0,4,0,1,0,16,1,0.9999944
15.209944785302167,-4032691.34,0.0,1.0,4,0,1,0,21,1,0.9999944
15.808216580511294,-7335355.57,0.0,1.0,4,0,1,0,21,1,0.9999944
13.671581860208462,-865948.49,0.0,1.0,4,0,1,0,10,1,0.9999944
14.900786028665793,-2960254.17,0.0,1.0,4,0,1,0,21,1,0.9999944
12.976772914154095,-432254.84,0.0,1.0,4,0,1,0,7,1,0.9999944
15.408746640722265,-4919642.57,0.0,1.0,4,0,1,0,21,1,0.9999944
15.130238845106689,-3723738.06,0.0,1.0,4,0,1,0,21,1,0.9999944
14.932080766966484,-3054359.4,0.0,1.0,4,0,1,0,21,1,0.9999944
15.70965823792514,-6646879.72,0.0,1.0,4,0,1,0,21,1,0.9999944
12.455109960934108,-256556.98,0.0,1.0,4,0,1,0,2,1,0.9999943
12.992219270017655,-438983.45,0.0,1.0,4,0,1,0,5,1,0.9999943
13.553652932133751,-769619.59,0.0,1.0,4,0,1,0,6,1,0.9999943
12.632714371217928,-306419.73,0.0,1.0,4,0,1,0,7,1,0.9999943
12.459336356058722,-257643.59,0.0,1.0,4,0,1,0,3,1,0.99999416
12.461120169353302,-258103.59,0.0,1.0,4,0,1,0,7,1,0.99999416
13.228917398551046,-556218.01,0.0,1.0,4,0,1,0,9,1,0.99999404
13.805427443795791,-989966.55,0.0,1.0,4,0,1,0,1,1,0.99999404
13.990458874103698,-1191183.65,0.0,1.0,4,0,1,0,1,1,0.99999404
14.621746345907681,-2239461.29,0.0,1.0,4,0,1,0,21,1,0.99999404
12.550633261411834,-282272.93,0.0,1.0,4,0,1,0,8,1,0.99999404
13.793533808576505,-978261.98,0.0,1.0,4,0,1,0,1,1,0.99999404
13.707787642926021,-897875.35,0.0,1.0,4,0,1,0,1,1,0.99999404
14.622714444474157,-2241630.36,0.0,1.0,4,0,1,0,21,1,0.99999404
14.543513593374412,-2070939.88,0.0,1.0,4,0,1,0,21,1,0.99999404
13.866840095195045,-1052668.73,0.0,1.0,4,0,1,0,1,1,0.99999404
12.436525260441991,-251832.96,0.0,1.0,4,0,1,0,8,1,0.99999404
15.892945004275099,-7983958.34,7983958.340000001,1.0,1,0,1,0,2,1,0.9999938
16.118095750958314,-10000000.0,10000000.0,1.0,1,0,1,0,2,1,0.9999938
15.617823811244516,-6063657.03,6063657.03,1.0,1,0,1,0,2,1,0.9999938
15.417120920909719,-4961014.03,4961014.03,1.0,1,0,1,0,2,1,0.9999938
16.118095750958314,-10000000.0,10000000.0,1.0,1,0,1,0,2,1,0.9999938
13.802902580394525,-987470.17,0.0,1.0,4,0,1,0,15,1,0.9999938
13.84362808906366,-1028515.56,0.0,1.0,4,0,1,0,18,1,0.9999937
14.43662954367203,-1861008.32,0.0,1.0,4,0,1,0,19,1,0.9999937
13.939276884648026,-1131750.38,0.0,1.0,4,0,1,0,18,1,0.9999937
13.197635567307778,-539087.79,0.0,1.0,4,0,1,0,9,1,0.9999937
13.78115045289319,-966222.5,0.0,1.0,4,0,1,0,18,1,0.9999937
15.863048937787747,-7748802.0,7748802.0,1.0,1,0,1,0,3,1,0.99999356
15.490392294125868,-5338162.8,0.0,1.0,4,0,1,0,19,1,0.99999356
14.959550013052322,-3139423.35,3139423.35,1.0,1,0,1,0,2,1,0.99999356
15.554135939584054,-5689516.13,0.0,1.0,4,0,1,0,19,1,0.99999356
14.221841211380003,-1501297.88,1501297.88,1.0,1,0,1,0,2,1,0.99999356
15.30809998216648,-4448598.93,4448598.93,1.0,1,0,1,0,4,1,0.99999356
15.895755531806037,-8006429.04,8006429.04,1.0,1,0,1,0,5,1,0.99999356
16.118095750958314,-10000000.0,9941904.21,1.0,1,0,1,0,4,1,0.99999356
15.864239989048086,-7758036.72,0.0,1.0,4,0,1,0,19,1,0.99999356
14.688737116847014,-2394623.8,2394623.8000000007,1.0,1,0,1,0,2,1,0.99999356
14.221364310540393,-1500582.08,1500582.0799999982,1.0,1,0,1,0,2,1,0.99999356
15.061806802197001,-3477438.49,0.0,1.0,4,0,1,0,19,1,0.99999356
15.004633308013082,-3284197.88,3284197.88,1.0,1,0,1,0,2,1,0.99999356
15.226347120363322,-4099382.36,4099382.36,1.0,1,0,1,0,3,1,0.99999356
15.907026932045845,-8097183.22,8097183.22,1.0,1,0,1,0,5,1,0.99999356
15.84053889206914,-7576324.61,7576324.61,1.0,1,0,1,0,3,1,0.99999356
16.118095750958314,-10000000.0,10000000.0,1.0,1,0,1,0,3,1,0.99999356
14.613776330920974,-2221683.68,2221683.6800000006,1.0,1,0,1,0,2,1,0.99999356
16.118095750958314,-10000000.0,10000000.0,1.0,1,0,1,0,3,1,0.99999356
16.024980458805068,-9110884.44,9110884.44,1.0,1,0,1,0,3,1,0.99999356
15.607166320148274,-5999376.79,0.0,1.0,4,0,1,0,19,1,0.99999356
13.974820730402994,-1172700.63,0.0,1.0,4,0,1,0,22,1,0.99999356
14.693614898230148,-2406332.79,2406332.789999999,1.0,1,0,1,0,2,1,0.99999356
15.005905134981658,-3288377.47,3288377.4699999997,1.0,1,0,1,0,2,1,0.99999356
15.948910990046809,-8443528.7,0.0,1.0,4,0,1,0,19,1,0.99999356
15.40315822810357,-4892226.25,0.0,1.0,4,0,1,0,19,1,0.99999356
14.889439042753216,-2926854.05,2926854.05,1.0,1,0,1,0,3,1,0.99999344
13.144869992686532,-511379.9,0.0,1.0,4,0,1,0,9,1,0.99999344
14.524268169262223,-2031464.82,2031464.8199999998,1.0,1,0,1,0,3,1,0.99999344
14.890656124331372,-2930418.44,3347496.7399999998,1.0,1,0,1,0,4,1,0.99999344
15.088582672512358,-3571807.73,3571807.73,1.0,1,0,1,0,5,1,0.99999344
14.831972113912267,-2763398.31,2763398.31,1.0,1,0,1,0,3,1,0.99999344
14.835095836851947,-2772043.9,2772043.9000000004,1.0,1,0,1,0,3,1,0.99999344
14.535607582138566,-2054631.55,2054631.55,1.0,1,0,1,0,4,1,0.99999344
12.965416307988358,-427373.65,0.0,1.0,4,0,1,0,3,1,0.99999344
15.024860612929409,-3351304.78,3351304.77,1.0,1,0,1,0,5,1,0.99999344
14.612781748523918,-2219475.13,2219475.1300000004,1.0,1,0,1,0,4,1,0.99999344
15.019308094931784,-3332748.16,3332748.16,1.0,1,0,1,0,5,1,0.99999344
11.246898159753174,-76640.82,0.0,1.0,4,0,0,0,3,1,0.99999344
14.829141810740982,-2755588.11,2755588.1100000003,1.0,1,0,1,0,5,1,0.99999344
15.033093579659893,-3379009.86,3379009.8600000003,1.0,1,0,1,0,4,1,0.99999344
13.514213446745993,-739856.92,0.0,1.0,4,0,1,0,9,1,0.9999933
14.242269083549314,-1532281.61,1532281.61,1.0,1,0,1,0,3,1,0.9999933
14.197103506651633,-1464614.79,1464614.79,1.0,1,0,1,0,5,1,0.9999933
15.573538998907742,-5800988.12,0.0,1.0,4,0,1,0,20,1,0.9999932
15.207314635183595,-4022098.69,0.0,1.0,4,0,1,0,20,1,0.9999932
12.285511447812627,-216534.86,0.0,1.0,4,0,1,0,3,1,0.9999932
12.967288904344798,-428174.7,0.0,1.0,4,0,1,0,2,1,0.9999932
12.28304271440333,-216000.95,0.0,1.0,4,0,1,0,6,1,0.9999932
14.82884089695723,-2754759.04,0.0,1.0,4,0,1,0,20,1,0.9999932
15.107764727752983,-3640983.71,0.0,1.0,4,0,1,0,20,1,0.9999932
11.273940092002732,-78741.64,0.0,1.0,4,0,0,0,2,1,0.9999932
14.178271964751884,-1437291.89,1437291.89,1.0,1,0,1,0,3,1,0.9999931
14.574127628927751,-2135320.18,0.0,1.0,4,0,1,0,19,1,0.9999931
14.151230604618673,-1398946.33,1398946.33,1.0,1,0,1,0,3,1,0.9999931
15.472857541757609,-5245375.3,5245375.3,1.0,1,0,1,0,6,1,0.9999931
15.624807103135916,-6106149.52,6106149.5200000005,1.0,1,0,1,0,6,1,0.9999931
15.748614473269466,-6910926.92,6910926.92,1.0,1,0,1,0,7,1,0.9999931
14.67895977020002,-2371324.81,0.0,1.0,4,0,1,0,19,1,0.9999931
14.151724325470937,-1399637.19,1399637.19,1.0,1,0,1,0,4,1,0.9999931
15.342140105819027,-4602636.68,4602636.68,1.0,1,0,1,0,6,1,0.9999931
13.551388775967242,-767879.02,0.0,1.0,4,0,1,0,8,1,0.9999931
14.62863186531959,-2254934.36,2254934.3600000003,1.0,1,0,1,0,6,1,0.99999297
14.972040343962215,-3178881.71,3178881.71,1.0,1,0,1,0,6,1,0.99999297
13.877946902325737,-1064425.7,0.0,1.0,4,0,1,0,12,1,0.99999297
15.108657041318883,-3644234.06,3644234.06,1.0,1,0,1,0,7,1,0.99999297
14.599760589009165,-2190762.32,2190762.32,1.0,1,0,1,0,6,1,0.99999297
14.521391257071295,-2025628.87,2025628.87,1.0,1,0,1,0,7,1,0.99999297
14.972050885346228,-3178915.22,3178915.23,1.0,1,0,1,0,6,1,0.99999297
13.695142163145155,-886592.76,0.0,1.0,4,0,1,0,12,1,0.99999297
12.40520629215593,-244068.01,0.0,1.0,4,0,1,0,9,1,0.99999285
14.541535913895622,-2066848.27,0.0,1.0,4,0,1,0,20,1,0.99999285
12.81842438101419,-368951.94,0.0,1.0,4,0,1,0,10,1,0.9999927
13.628754744369063,-829645.3,0.0,1.0,4,0,1,0,14,1,0.9999927
12.814838124834113,-367631.15,0.0,1.0,4,0,1,0,1,1,0.9999926
13.634699939128451,-834592.4,0.0,1.0,4,0,1,0,15,1,0.9999926
13.775009189121446,-960306.85,0.0,1.0,4,0,1,0,16,1,0.9999926
13.689960985689408,-882011.04,0.0,1.0,4,0,1,0,0,1,0.9999926
14.313969279859991,-1646181.09,1646181.09,1.0,1,0,1,0,2,1,0.9999925
14.175308145373156,-1433038.32,1433038.32,1.0,1,0,1,0,6,1,0.9999925
14.045685189202551,-1258818.82,0.0,1.0,4,0,1,0,23,1,0.9999925
9.846293726304463,-18887.22,0.0,1.0,4,0,0,0,6,1,0.99999225
9.824041125385355,-18471.55,0.0,1.0,4,0,0,0,6,1,0.99999225
14.415860122586016,-1822754.86,0.0,1.0,4,0,1,0,23,1,0.99999213
14.374333048465335,-1748611.28,1748611.28,1.0,1,0,1,0,7,1,0.99999213
14.366891659458075,-1735647.47,1735647.47,1.0,1,0,1,0,6,1,0.99999213
12.057362870432636,-172362.84,0.0,1.0,4,0,0,0,7,1,0.99999213
12.074207920386336,-175290.91,0.0,1.0,4,0,0,0,7,1,0.99999213
12.058221788416443,-172510.95,0.0,1.0,4,0,0,0,5,1,0.99999213
9.882159722709675,-19576.96,0.0,1.0,4,0,0,0,2,1,0.99999213
12.335649065048868,-227668.22,0.0,1.0,4,0,1,0,8,1,0.9999918
12.053228528444622,-171651.7,0.0,1.0,4,0,0,0,2,1,0.9999918
14.331415826462358,-1675153.28,1675153.27,1.0,1,0,1,0,7,1,0.9999918
14.305623887452505,-1632500.22,1632500.2199999997,1.0,1,0,1,0,3,1,0.99999166
12.70914142259672,-330756.72,0.0,1.0,4,0,1,0,0,1,0.99999166
12.693638864422782,-325668.67,0.0,1.0,4,0,1,0,13,1,0.99999154
15.643210949437496,-6219566.63,0.0,1.0,4,0,1,0,23,1,0.9999914
14.196522680602529,-1463764.35,1463764.35,1.0,1,0,1,0,18,1,0.9999914
13.774893917357462,-960196.16,960196.16,1.0,1,0,1,0,4,1,0.9999914
15.350361632529843,-4640633.37,4640633.37,1.0,1,0,1,0,8,1,0.9999914
11.071633055568569,-64319.46,0.0,1.0,4,0,0,0,7,1,0.9999914
15.260891697849427,-4243468.19,4243468.19,1.0,1,0,1,0,8,1,0.9999914
16.118095750958314,-10000000.0,10000000.0,1.0,1,0,1,0,8,1,0.9999914
14.770359110249935,-2598276.05,0.0,1.0,4,0,1,0,23,1,0.9999914
13.701160322252287,-891944.51,891944.51,1.0,1,0,1,0,5,1,0.9999914
15.315997023947915,-4483868.79,4483868.789999999,1.0,1,0,1,0,8,1,0.9999914
15.96607500815732,-8589704.49,0.0,1.0,4,0,1,0,23,1,0.9999914
16.118095750958314,-10000000.0,10000000.0,1.0,1,0,1,0,8,1,0.9999914
13.862490513265247,-1048100.0,1048099.9999999995,1.0,1,0,1,0,2,1,0.9999914
15.366536949865733,-4716307.48,4716307.48,1.0,1,0,1,0,8,1,0.9999914
14.985636050522828,-3222396.0,0.0,1.0,4,0,1,0,23,1,0.9999914
16.118095750958314,-10000000.0,10000000.0,1.0,1,0,1,0,8,1,0.9999914
15.128832094329857,-3718503.37,0.0,1.0,4,0,1,0,23,1,0.9999914
10.740559737023338,-46190.9,0.0,1.0,4,0,0,0,6,1,0.9999914
13.191246677555228,-535654.59,0.0,1.0,4,0,1,0,14,1,0.9999913
12.06556606848342,-173782.59,0.0,1.0,4,0,0,0,8,1,0.9999913
13.420575409721623,-673722.73,0.0,1.0,4,0,1,0,1,1,0.9999912
13.865270870435243,-1051018.15,1051018.15,1.0,1,0,1,0,5,1,0.9999912
11.312864328133909,-81867.07,0.0,1.0,4,0,0,0,8,1,0.9999912
13.84340372137213,-1028284.82,1028284.82,1.0,1,0,1,0,5,1,0.9999912
14.875986599899436,-2887744.35,2887744.35,1.0,1,0,1,0,8,1,0.9999912
9.759727453172609,-17320.91,0.0,1.0,4,0,0,0,6,1,0.9999912
13.338303059045709,-620512.76,0.0,1.0,4,0,1,0,1,1,0.9999912
13.338752118267273,-620791.47,0.0,1.0,4,0,1,0,1,1,0.9999912
9.769115235004774,-17484.29,0.0,1.0,4,0,0,0,6,1,0.9999912
14.928401115268743,-3043141.07,3043141.07,1.0,1,0,1,0,8,1,0.9999912
13.396076293932586,-657417.64,0.0,1.0,4,0,1,0,1,1,0.9999912
13.397929922355534,-658637.38,0.0,1.0,4,0,1,0,1,1,0.9999912
13.342548508906928,-623152.72,0.0,1.0,4,0,1,0,1,1,0.9999912
11.193641952178083,-72665.95,0.0,1.0,4,0,0,0,4,1,0.99999106
12.8424393467063,-377919.58,0.0,1.0,4,0,1,0,0,1,0.99999106
13.490309197713849,-722380.88,0.0,1.0,4,0,1,0,14,1,0.99999094
12.867236545424541,-387408.11,0.0,1.0,4,0,1,0,13,1,0.99999094
13.45958489039074,-700523.69,0.0,1.0,4,0,1,0,14,1,0.99999094
13.370237097676831,-640648.06,0.0,1.0,4,0,1,0,14,1,0.99999094
14.342581318064349,-1693962.01,1693962.01,1.0,1,0,1,0,15,1,0.99999094
13.334861684629088,-618381.01,0.0,1.0,4,0,1,0,14,1,0.99999094
13.012561591668717,-448004.86,0.0,1.0,4,0,1,0,14,1,0.9999908
13.75181390102624,-938288.58,938288.58,1.0,1,0,1,0,6,1,0.9999908
14.249871944686545,-1543975.74,1543975.74,1.0,1,0,1,0,18,1,0.9999908
12.510725397921405,-271229.8,0.0,1.0,4,0,1,0,9,1,0.9999908
11.04003623638441,-62318.91,0.0,1.0,4,0,0,0,8,1,0.9999908
14.53665232773092,-2056779.24,0.0,1.0,4,0,1,0,23,1,0.9999908
11.362929791137743,-86070.17,0.0,1.0,4,0,0,0,4,1,0.9999908
14.528563664406486,-2040209.74,0.0,1.0,4,0,1,0,23,1,0.9999908
11.174995025688103,-71323.49,0.0,1.0,4,0,0,0,3,1,0.9999907
11.882644079163626,-144731.73,0.0,1.0,4,0,0,0,6,1,0.9999907
11.851783068625748,-140333.35,0.0,1.0,4,0,0,0,5,1,0.9999907
12.937089314249949,-415437.27,0.0,1.0,4,0,1,0,1,1,0.9999907
9.80013280176412,-18035.14,0.0,1.0,4,0,0,0,8,1,0.9999907
12.208488325424625,-200482.72,0.0,1.0,4,0,1,0,4,1,0.9999907
11.874101603316696,-143500.62,0.0,1.0,4,0,0,0,6,1,0.9999907
13.813596337011816,-998086.61,998086.6099999999,1.0,1,0,1,0,4,1,0.9999906
13.537649659510421,-757401.17,0.0,1.0,4,0,1,0,13,1,0.99999046
13.426990689883247,-678058.75,0.0,1.0,4,0,1,0,13,1,0.99999046
14.167340670638376,-1421665.98,1421665.98,1.0,1,0,1,0,21,1,0.99999034
9.693262694402497,-16207.04,0.0,1.0,4,0,0,0,5,1,0.99999034
13.642411122388745,-841052.98,0.0,1.0,4,0,1,0,16,1,0.99999034
10.742741936438666,-46291.81,0.0,1.0,4,0,0,0,8,1,0.9999902
11.33866993018061,-84007.22,0.0,1.0,4,0,0,0,8,1,0.9999902
13.894986101753855,-1082718.08,0.0,1.0,4,0,1,0,23,1,0.99999
13.781323720770963,-966389.93,0.0,1.0,4,0,1,0,23,1,0.99999
14.150673251794208,-1398166.84,1398166.84,1.0,1,0,1,0,17,1,0.99999
13.106242206822845,-492003.04,0.0,1.0,4,0,1,0,0,1,0.99998975
14.310009993849995,-1639676.27,1749363.56,1.0,1,0,1,0,17,1,0.99998975
12.806874905555832,-364715.24,0.0,1.0,4,0,1,0,13,1,0.99998975
11.64618439548032,-114253.58,0.0,1.0,4,0,0,0,5,1,0.99998975
13.071736408341165,-475315.61,0.0,1.0,4,0,1,0,13,1,0.99998975
14.22299752739926,-1503034.86,1503034.8699999999,1.0,1,0,1,0,21,1,0.99998975
12.760120015707184,-348055.47,0.0,1.0,4,0,1,0,12,1,0.9999896
12.745403944378383,-342970.95,0.0,1.0,4,0,1,0,12,1,0.9999896
12.755044097274997,-346293.24,0.0,1.0,4,0,1,0,12,1,0.9999896
12.921142361654853,-408864.84,0.0,1.0,4,0,1,0,12,1,0.9999895
11.669722953193402,-116974.87,0.0,1.0,4,0,0,0,8,1,0.9999895
12.448133020167333,-254773.22,0.0,1.0,4,0,1,0,9,1,0.9999895
11.363411601807323,-86111.65,0.0,1.0,4,0,0,0,8,1,0.9999895
13.907349483567259,-1096187.24,1096187.24,1.0,1,0,1,0,2,1,0.9999895
11.752093062746736,-127018.14,0.0,1.0,4,0,0,0,6,1,0.9999895
13.945121404029882,-1138384.29,0.0,1.0,4,0,1,0,20,1,0.9999894
11.837720068381538,-138373.64,0.0,1.0,4,0,0,0,3,1,0.9999894
13.745830307429323,-932691.0,0.0,1.0,4,0,1,0,20,1,0.9999894
13.99064024850758,-1191399.72,0.0,1.0,4,0,1,0,20,1,0.9999894
12.00672612296399,-163852.19,0.0,1.0,4,0,0,0,6,1,0.9999894
13.843444254028025,-1028326.5,0.0,1.0,4,0,1,0,19,1,0.9999893
13.734186819287448,-921894.19,0.0,1.0,4,0,1,0,19,1,0.9999893
13.97401076771411,-1171751.17,0.0,1.0,4,0,1,0,19,1,0.9999893
13.280242196219984,-585511.14,0.0,1.0,4,0,1,0,0,1,0.9999893
11.713709781250017,-122235.11,0.0,1.0,4,0,0,0,6,1,0.99998915
13.678423307908366,-871893.15,871893.1500000022,1.0,1,0,1,0,2,1,0.99998915
12.050596737976424,-171200.54,0.0,1.0,4,0,0,0,8,1,0.99998915
14.086416621785254,-1311150.9,1311150.9,1.0,1,0,1,0,2,1,0.99998915
13.341075235255346,-622235.32,0.0,1.0,4,0,1,0,0,1,0.99998903
13.54236968791265,-760984.58,0.0,1.0,4,0,1,0,0,1,0.99998903
13.32570392926229,-612743.87,0.0,1.0,4,0,1,0,0,1,0.99998903
13.719252147731542,-908228.29,908228.29,1.0,1,0,1,0,7,1,0.99998903
13.44841662436899,-692743.57,0.0,1.0,4,0,1,0,0,1,0.99998903
14.015918572565193,-1221900.21,1221900.21,1.0,1,0,1,0,4,1,0.9999889
12.885644826304281,-394605.69,0.0,1.0,4,0,1,0,21,1,0.9999889
14.07030321463385,-1290193.08,1290193.08,1.0,1,0,1,0,3,1,0.9999889
14.02702347085893,-1235544.92,1235544.9200000002,1.0,1,0,1,0,3,1,0.9999889
14.265025080465723,-1567549.99,1567549.9900000002,1.0,1,0,1,0,8,1,0.9999889
12.69542386596082,-326250.51,0.0,1.0,4,0,1,0,21,1,0.9999889
11.973448608593237,-158489.29,0.0,1.0,4,0,0,0,2,1,0.9999889
14.371614529541894,-1743864.1,1743864.0999999999,1.0,1,0,1,0,18,1,0.9999889
14.308011843865637,-1636403.22,1636403.22,1.0,1,0,1,0,17,1,0.9999888
14.921090360369107,-3020974.53,3020974.5300000003,1.0,1,0,1,0,1,1,0.9999887
14.626985683468344,-2251225.38,2251225.39,1.0,1,0,1,0,1,1,0.9999887
14.997304238862741,-3260215.75,3260215.75,1.0,1,0,1,0,1,1,0.9999887
15.045505736209618,-3421212.04,3421212.04,1.0,1,0,1,0,1,1,0.9999887
14.47168500836277,-1927403.83,1927403.83,1.0,1,0,1,0,10,1,0.9999887
13.931077219276624,-1122508.34,1122508.3399999999,1.0,1,0,1,0,2,1,0.9999887
13.686907435726845,-879321.88,0.0,1.0,4,0,1,0,23,1,0.9999887
15.08884273380782,-3572736.74,3572736.7299999995,1.0,1,0,1,0,1,1,0.9999887
14.90742505978516,-2979972.78,2979972.77,1.0,1,0,1,0,1,1,0.9999887
11.737304812373804,-125153.57,0.0,1.0,4,0,0,0,5,1,0.99998856
14.324672482549955,-1663895.14,1663895.14,1.0,1,0,1,0,18,1,0.99998844
11.997371301667089,-162326.52,0.0,1.0,4,0,0,0,3,1,0.99998844
14.306682315608592,-1634229.02,1634229.02,1.0,1,0,1,0,18,1,0.99998844
12.73945589222206,-340936.99,0.0,1.0,4,0,1,0,22,1,0.9999883
13.936074603026778,-1128131.99,1128131.99,1.0,1,0,1,0,3,1,0.9999883
12.755278841168034,-346374.54,0.0,1.0,4,0,1,0,22,1,0.9999883
13.130257992761154,-503961.93,0.0,1.0,4,0,1,0,0,1,0.9999883
13.943354475018555,-1136374.62,1136374.6199999999,1.0,1,0,1,0,5,1,0.9999883
10.999005224480095,-59813.61,0.0,1.0,4,0,0,0,2,1,0.9999882
13.261621940931699,-574709.63,0.0,1.0,4,0,1,0,15,1,0.9999882
11.02632112322361,-61470.02,0.0,1.0,4,0,0,0,2,1,0.9999882
14.211634822577443,-1486052.97,1486052.9699999997,1.0,1,0,1,0,14,1,0.9999881
14.199619470613941,-1468304.35,1468304.35,1.0,1,0,1,0,14,1,0.9999881
9.992453102219262,-21859.86,0.0,1.0,4,0,0,0,4,1,0.9999881
12.799063191171602,-361877.28,0.0,1.0,4,0,1,0,22,1,0.9999881
12.840105315044745,-377038.53,0.0,1.0,4,0,1,0,22,1,0.9999881
12.41305632664486,-245991.5,0.0,1.0,4,0,1,0,10,1,0.9999881
12.401310180798937,-243118.94,0.0,1.0,4,0,1,0,10,1,0.99998796
9.99998520882927,-22025.14,0.0,1.0,4,0,0,0,6,1,0.99998796
14.107051527785158,-1338487.47,1338487.47,1.0,1,0,1,0,6,1,0.99998796
13.691496802877552,-883366.69,0.0,1.0,4,0,1,0,19,1,0.99998784
13.00741652597242,-445705.76,0.0,1.0,4,0,1,0,11,1,0.99998784
12.68412517033333,-322585.04,0.0,1.0,4,0,1,0,15,1,0.9999877
14.339506321450799,-1688761.08,1688761.08,1.0,1,0,1,0,1,1,0.9999876
12.789768175362257,-358529.2,0.0,1.0,4,0,1,0,21,1,0.9999876
14.370551933496218,-1742012.06,1742012.0599999998,1.0,1,0,1,0,1,1,0.9999876
12.082214996714413,-176700.12,0.0,1.0,4,0,0,0,2,1,0.9999875
12.701108159075417,-328110.3,0.0,1.0,4,0,1,0,15,1,0.9999875
11.687232659048123,-119041.12,0.0,1.0,4,0,0,0,5,1,0.9999875
11.690702209733983,-119454.86,0.0,1.0,4,0,0,0,6,1,0.9999875
11.783347638649925,-131050.76,0.0,1.0,4,0,0,0,5,1,0.9999875
11.822848733109591,-136331.05,0.0,1.0,4,0,0,0,8,1,0.9999875
13.237745132292353,-561149.9,0.0,1.0,4,0,1,0,18,1,0.99998736
10.042889865034823,-22990.73,0.0,1.0,4,0,0,0,3,1,0.99998736
13.14463364384765,-511259.05,0.0,1.0,4,0,1,0,11,1,0.99998724
13.067672338266807,-473387.81,0.0,1.0,4,0,1,0,15,1,0.99998724
12.49413382111328,-266766.78,0.0,1.0,4,0,1,0,22,1,0.99998724
13.140066960109742,-508929.61,0.0,1.0,4,0,1,0,11,1,0.99998724
10.343249734090925,-31045.76,0.0,1.0,4,0,0,0,6,1,0.9999871
13.010338101490127,-447009.83,0.0,1.0,4,0,1,0,15,1,0.9999871
14.316388810272718,-1650168.9,1650168.8899999997,1.0,1,0,1,0,21,1,0.9999871
11.780310718533277,-130653.37,0.0,1.0,4,0,0,0,3,1,0.999987
13.306721226214403,-601222.02,0.0,1.0,4,0,1,0,15,1,0.999987
11.789373546780034,-131842.85,0.0,1.0,4,0,0,0,2,1,0.999987
11.781257196329003,-130777.09,0.0,1.0,4,0,0,0,3,1,0.999987
14.145054125268583,-1390332.39,1390332.39,1.0,1,0,1,0,6,1,0.9999869
13.629778668591108,-830495.23,0.0,1.0,4,0,1,0,17,1,0.9999869
13.391247510491946,-654250.76,0.0,1.0,4,0,1,0,12,1,0.9999869
13.337212351628247,-619836.33,0.0,1.0,4,0,1,0,12,1,0.9999869
12.862446447768423,-385556.82,0.0,1.0,4,0,1,0,17,1,0.99998677
14.233377794093533,-1518718.03,1518718.03,1.0,1,0,1,0,19,1,0.99998665
11.679354231085574,-118106.94,0.0,1.0,4,0,0,0,2,1,0.9999865
13.636110936157477,-835770.84,835770.8399999999,1.0,1,0,1,0,4,1,0.9999864
13.634234034932275,-834203.65,834203.65,1.0,1,0,1,0,3,1,0.9999864
13.209974357929157,-545780.7,0.0,1.0,4,0,1,0,18,1,0.9999863
12.765740089274269,-350017.08,0.0,1.0,4,0,1,0,15,1,0.9999863
13.64990976675841,-847383.45,0.0,1.0,4,0,1,0,20,1,0.9999863
12.092738648209062,-178569.48,0.0,1.0,4,0,0,0,6,1,0.9999863
13.013142263662782,-448265.08,0.0,1.0,4,0,1,0,17,1,0.9999862
12.284662220995244,-216351.05,0.0,1.0,4,0,1,0,9,1,0.99998593
11.909559157339501,-148680.12,0.0,1.0,4,0,0,0,2,1,0.99998593
12.310151540262645,-221936.6,0.0,1.0,4,0,1,0,9,1,0.99998593
12.662589992307627,-315712.36,0.0,1.0,4,0,1,0,21,1,0.99998593
13.250393676722659,-568292.72,0.0,1.0,4,0,1,0,22,1,0.9999858
12.698583330043162,-327282.92,0.0,1.0,4,0,1,0,18,1,0.9999858
13.042260864609169,-461509.86,0.0,1.0,4,0,1,0,22,1,0.9999858
12.90911171464151,-403975.39,0.0,1.0,4,0,1,0,17,1,0.9999858
12.80594298016064,-364375.51,0.0,1.0,4,0,1,0,16,1,0.9999857
13.560449390843921,-774868.1,0.0,1.0,4,0,1,0,0,1,0.9999856
13.066447288030268,-472808.24,0.0,1.0,4,0,1,0,21,1,0.99998546
12.212463977385731,-201281.36,0.0,1.0,4,0,1,0,22,1,0.99998546
11.63221438843043,-112668.54,0.0,1.0,4,0,0,0,2,1,0.99998546
13.634583336632666,-834495.09,834495.09,1.0,1,0,1,0,6,1,0.99998534
13.778812921574177,-963966.56,963966.56,1.0,1,0,1,0,1,1,0.99998534
13.697747075866719,-888905.27,888905.27,1.0,1,0,1,0,1,1,0.99998534
13.006410134156281,-445257.43,0.0,1.0,4,0,1,0,22,1,0.9999851
13.464298493860271,-703833.48,0.0,1.0,4,0,1,0,18,1,0.999985
13.832385049511029,-1017016.67,1017016.67,1.0,1,0,1,0,1,1,0.99998474
13.189034585248043,-534470.98,0.0,1.0,4,0,1,0,21,1,0.9999846
13.313033884515901,-605029.34,0.0,1.0,4,0,1,0,22,1,0.9999846
11.688094419449536,-119143.75,0.0,1.0,4,0,0,0,8,1,0.9999846
13.229820968661254,-556720.82,0.0,1.0,4,0,1,0,17,1,0.9999844
12.819385911201186,-369306.87,0.0,1.0,4,0,1,0,16,1,0.9999844
12.828541105786842,-372703.48,0.0,1.0,4,0,1,0,16,1,0.9999844
13.034166148479235,-457789.14,0.0,1.0,4,0,1,0,21,1,0.99998415
12.587301207034063,-292815.44,0.0,1.0,4,0,1,0,22,1,0.99998415
13.530299323809233,-751854.42,0.0,1.0,4,0,1,0,21,1,0.99998415
12.130976777876032,-185529.91,0.0,1.0,4,0,0,0,6,1,0.9999839
14.367558311865587,-1736804.93,1736804.9299999997,1.0,1,0,1,0,19,1,0.9999839
12.42821589671098,-249749.05,0.0,1.0,4,0,1,0,1,1,0.9999838
12.598836331000054,-296212.67,0.0,1.0,4,0,1,0,9,1,0.99998367
12.399496221215106,-242678.33,0.0,1.0,4,0,1,0,13,1,0.99998367
12.330075277115986,-226402.77,0.0,1.0,4,0,1,0,11,1,0.99998355
12.32347400835875,-224913.14,0.0,1.0,4,0,1,0,23,1,0.99998355
12.325465229612693,-225361.44,0.0,1.0,4,0,1,0,11,1,0.99998355
11.61303800405675,-110528.53,0.0,1.0,4,0,0,0,8,1,0.99998343
12.68266362422,-322113.91,0.0,1.0,4,0,1,0,23,1,0.9999833
10.914999369336686,-54994.1,0.0,1.0,4,0,0,0,4,1,0.9999832
15.220616266008575,-4075956.58,4075956.58,1.0,1,0,1,0,11,1,0.9999832
15.928898894046323,-8276235.5,8276235.499999999,1.0,1,0,1,0,11,1,0.9999832
15.82730564187099,-7476725.66,7476725.67,1.0,1,0,1,0,11,1,0.9999832
12.459989484600719,-257811.92,0.0,1.0,4,0,1,0,22,1,0.9999831
13.194759515205321,-537539.57,0.0,1.0,4,0,1,0,16,1,0.99998295
12.713349991597884,-332151.67,0.0,1.0,4,0,1,0,23,1,0.99998295
12.37821065052707,-237567.35,0.0,1.0,4,0,1,0,22,1,0.99998295
15.098371520343143,-3606943.31,3606943.31,1.0,1,0,1,0,11,1,0.9999827
13.6266745521491,-827921.27,0.0,1.0,4,0,1,0,23,1,0.9999827
13.282443244807018,-586801.3,0.0,1.0,4,0,1,0,16,1,0.9999827
14.884964538315774,-2913787.08,2913787.08,1.0,1,0,1,0,11,1,0.9999827
14.731149525486181,-2498370.12,2498370.12,1.0,1,0,1,0,11,1,0.9999827
9.232590980911002,-10224.0,0.0,1.0,4,0,0,0,6,1,0.9999827
14.882230519939226,-2905831.61,2905831.61,1.0,1,0,1,0,11,1,0.9999827
8.782114184665419,-6515.64,0.0,1.0,4,0,0,0,3,1,0.9999827
12.400393258188807,-242896.12,0.0,1.0,4,0,1,0,14,1,0.9999826
12.443116577355356,-253498.36,0.0,1.0,4,0,1,0,1,1,0.9999826
12.403893588848574,-243747.83,0.0,1.0,4,0,1,0,14,1,0.9999826
15.59104890494332,-5903457.39,5903457.390000001,1.0,1,0,1,0,0,1,0.9999825
14.40691142819523,-1806516.34,1806516.34,1.0,1,0,1,0,17,1,0.9999825
15.792175743556852,-7218629.01,7218629.01,1.0,1,0,1,0,0,1,0.9999825
15.966582533536519,-8594065.09,8594065.09,1.0,1,0,1,0,0,1,0.9999825
10.213801701497019,-27276.07,0.0,1.0,4,0,0,0,8,1,0.99998236
13.32798846864503,-614145.31,0.0,1.0,4,0,1,0,16,1,0.99998224
13.41713196608215,-671406.79,0.0,1.0,4,0,1,0,16,1,0.99998224
14.680260983893405,-2374412.42,2374412.42,1.0,1,0,1,0,0,1,0.999982
14.781337381449086,-2626957.79,2626957.79,1.0,1,0,1,0,0,1,0.999982
12.503168531172882,-269187.87,0.0,1.0,4,0,1,0,13,1,0.99998176
12.205777702038619,-199940.02,0.0,1.0,4,0,0,0,22,1,0.99998164
11.049298422016243,-62898.81,0.0,1.0,4,0,0,0,9,1,0.9999815
13.460505333553428,-701168.78,0.0,1.0,4,0,1,0,17,1,0.9999815
13.292012746785412,-592443.66,0.0,1.0,4,0,1,0,17,1,0.9999815
13.339144088717934,-621034.85,0.0,1.0,4,0,1,0,17,1,0.9999815
14.332479944112501,-1676936.79,1676936.79,1.0,1,0,1,0,11,1,0.9999814
12.813837494212956,-367263.47,0.0,1.0,4,0,1,0,23,1,0.9999813
11.843747698915736,-139210.23,0.0,1.0,4,0,0,0,9,1,0.9999813
12.384622640584936,-239095.53,0.0,1.0,4,0,1,0,14,1,0.9999809
14.059477282307336,-1276300.86,1276300.86,1.0,1,0,1,0,1,1,0.9999809
9.262967925843537,-10539.37,0.0,1.0,4,0,0,0,3,1,0.9999809
14.031524642923351,-1241118.86,1241118.8599999994,1.0,1,0,1,0,1,1,0.9999809
14.378349038870432,-1755647.81,1755647.81,1.0,1,0,1,0,20,1,0.9999809
8.994179882235608,-8055.06,0.0,1.0,4,0,0,0,2,1,0.9999807
12.656949742001313,-313936.67,0.0,1.0,4,0,1,0,0,1,0.9999807
14.217773745391211,-1495203.8,1495203.8,1.0,1,0,1,0,23,1,0.99998057
13.630149703179796,-830803.43,0.0,1.0,4,0,1,0,20,1,0.99998045
14.199403702022744,-1467987.57,1467987.57,1.0,1,0,1,0,11,1,0.9999802
14.38327998020865,-1764326.19,1764326.19,1.0,1,0,1,0,0,1,0.9999801
12.706026717549298,-329728.11,0.0,1.0,4,0,1,0,20,1,0.99998
12.707513923743095,-330218.85,0.0,1.0,4,0,1,0,20,1,0.99998
12.578367865266252,-290211.26,0.0,1.0,4,0,1,0,11,1,0.9999795
12.959759503122378,-424962.9,0.0,1.0,4,0,1,0,14,1,0.9999795
11.868612410999724,-142715.07,0.0,1.0,4,0,0,0,12,1,0.9999794
12.478690051054032,-262678.53,0.0,1.0,4,0,1,0,0,1,0.99997926
12.475122053012864,-261742.96,0.0,1.0,4,0,1,0,0,1,0.99997926
11.541969474534582,-102945.99,0.0,1.0,4,0,0,0,8,1,0.99997914
12.231600470209413,-205170.29,0.0,1.0,4,0,1,0,15,1,0.9999789
12.434008336181083,-251199.91,0.0,1.0,4,0,1,0,21,1,0.9999789
14.434977058914189,-1857935.57,1857935.57,1.0,1,0,1,0,14,1,0.99997866
13.585370412468551,-794421.26,0.0,1.0,4,0,1,0,12,1,0.99997854
13.560312248600756,-774761.84,0.0,1.0,4,0,1,0,12,1,0.99997854
12.254055674529825,-209829.57,0.0,1.0,4,0,1,0,6,1,0.99997854
16.118095750958314,-10000000.0,0.0,0.8286161637588292,4,0,1,0,3,1,0.9999784
16.118095750958314,-10000000.0,0.0,0.7829600397787546,4,0,1,0,3,1,0.9999784
16.118095750958314,-10000000.0,10000000.0,1.0,1,0,1,0,10,1,0.9999784
15.2890740882592,-4364760.42,4364760.43,1.0,1,0,1,0,10,1,0.9999784
15.592529416245808,-5912204.0,5912204.0,1.0,1,0,1,0,10,1,0.9999784
15.687513351664046,-6501303.14,6501303.140000001,1.0,1,0,1,0,10,1,0.9999784
16.118095750958314,-10000000.0,10000000.0,1.0,1,0,1,0,10,1,0.9999784
16.118095750958314,-10000000.0,10000000.0,1.0,1,0,1,0,10,1,0.9999784
10.195335186975278,-26776.98,0.0,1.0,4,0,0,0,8,1,0.9999784
16.031311358364896,-9168747.51,9168747.51,1.0,1,0,1,0,10,1,0.9999784
12.801143962806592,-362631.05,0.0,1.0,4,0,1,0,20,1,0.99997807
12.851206147877424,-381247.3,0.0,1.0,4,0,1,0,20,1,0.99997807
14.97586349487136,-3191058.32,3191058.31,1.0,1,0,1,0,10,1,0.99997795
15.082957242523722,-3551771.18,3551771.19,1.0,1,0,1,0,10,1,0.99997795
14.680293980972467,-2374490.77,2374490.77,1.0,1,0,1,0,10,1,0.99997795
15.361107514971927,-4690769.98,4690769.98,1.0,1,0,1,0,9,1,0.9999778
12.325299305326283,-225324.05,0.0,1.0,4,0,1,0,19,1,0.9999778
15.335952816942775,-4574246.75,4574246.75,1.0,1,0,1,0,9,1,0.9999778
15.930119357434087,-8286342.51,8286342.51,1.0,1,0,1,0,9,1,0.9999778
16.118095750958314,-10000000.0,10000000.0,1.0,1,0,1,0,9,1,0.9999778
16.118095750958314,-10000000.0,10000000.0,1.0,1,0,1,0,9,1,0.9999778
8.584990148082042,-5349.74,0.0,1.0,4,0,0,0,8,1,0.9999777
12.07828682970768,-176007.37,0.0,1.0,4,0,0,0,11,1,0.9999776
14.410031397329606,-1812161.42,1812161.42,1.0,1,0,1,0,22,1,0.99997735
14.40519127801094,-1803411.53,1803411.54,1.0,1,0,1,0,22,1,0.99997735
12.991935962452935,-438859.1,0.0,1.0,4,0,1,0,13,1,0.99997723
14.76232664229551,-2577489.07,2577489.07,1.0,1,0,1,0,9,1,0.99997723
14.663064489848088,-2333929.91,2333929.92,1.0,1,0,1,0,9,1,0.99997723
14.703283326815765,-2429711.09,2429711.0900000003,1.0,1,0,1,0,9,1,0.99997723
14.572395242057832,-2131624.18,2131624.1900000004,1.0,1,0,1,0,9,1,0.99997723
12.116848349112189,-182927.08,0.0,1.0,4,0,0,0,21,1,0.9999771
11.957145921556073,-155926.42,0.0,1.0,4,0,0,0,12,1,0.9999771
11.872925873417536,-143332.0,0.0,1.0,4,0,0,0,13,1,0.9999771
12.031508760041698,-167963.64,0.0,1.0,4,0,0,0,22,1,0.99997675
14.969584859990926,0.0,0.0,1.0,4,0,1,0,6,1,0.99997675
12.085855255486049,-177344.53,0.0,1.0,4,0,0,0,13,1,0.99997675
16.118095750958314,-10000000.0,0.0,0.7592388593687668,4,0,1,0,6,1,0.99997663
16.118095750958314,-10000000.0,0.0,0.7621549821760988,4,0,1,0,7,1,0.99997663
14.164877760283222,-1418168.85,1418168.8500000015,1.0,1,0,1,0,11,1,0.9999765
12.650223612243963,-311832.17,0.0,1.0,4,0,1,0,12,1,0.9999763
13.105925960231582,-491847.47,0.0,1.0,4,0,1,0,23,1,0.9999763
14.453912561660642,-1893451.73,1893451.7200000002,1.0,1,0,1,0,15,1,0.9999759
12.074339406686265,-175313.96,0.0,1.0,4,0,0,0,21,1,0.9999757
12.054547590730738,-171878.27,0.0,1.0,4,0,0,0,14,1,0.9999757
12.02169303239036,-166323.01,0.0,1.0,4,0,0,0,14,1,0.9999757
11.697043240929549,-120214.74,0.0,1.0,4,0,0,0,14,1,0.99997556
13.478945589043555,-714218.48,714218.4800000001,1.0,1,0,1,0,4,1,0.99997544
13.227760548390341,-555574.92,0.0,1.0,4,0,1,0,20,1,0.99997544
13.502326031422331,-731113.99,731113.9900000002,1.0,1,0,1,0,5,1,0.99997544
12.722170934334732,-335094.53,0.0,1.0,4,0,1,0,19,1,0.99997544
12.759653574566256,-347893.16,0.0,1.0,4,0,1,0,19,1,0.99997544
12.528314067011511,-276042.59,0.0,1.0,4,0,1,0,20,1,0.9999752
14.024344525795076,-1232239.39,1232239.3900000001,1.0,1,0,1,0,18,1,0.9999752
12.566666634968207,-286835.21,0.0,1.0,4,0,1,0,23,1,0.99997497
12.11582162656271,-182739.36,0.0,1.0,4,0,0,0,11,1,0.99997485
12.520236314751294,-273821.76,0.0,1.0,4,0,1,0,15,1,0.99997485
11.989319879575394,-161024.8,0.0,1.0,4,0,0,0,21,1,0.9999747
11.96800167003155,-157628.35,0.0,1.0,4,0,0,0,13,1,0.9999746
14.311299976455235,-1641792.79,1641792.79,1.0,1,0,1,0,10,1,0.9999746
12.501586606023787,-268762.37,0.0,1.0,4,0,1,0,16,1,0.9999746
13.298210872613547,-596127.11,596127.11,1.0,1,0,1,0,4,1,0.9999745
13.307444838822033,-601657.23,601657.23,1.0,1,0,1,0,3,1,0.9999745
12.523800949954014,-274799.58,0.0,1.0,4,0,1,0,16,1,0.99997437
13.846630635925974,-1031608.37,1031608.37,1.0,1,0,1,0,18,1,0.99997425
14.277028699574954,-1586479.66,1586479.65,1.0,1,0,1,0,23,1,0.99997413
12.479761885844654,-262960.23,0.0,1.0,4,0,1,0,20,1,0.9999734
12.514249017782253,-272187.2,0.0,1.0,4,0,1,0,19,1,0.9999728
11.111582449353248,-66941.04,0.0,1.0,4,0,0,0,22,1,0.9999727
13.513844943252419,-739584.33,0.0,1.0,4,0,1,0,20,1,0.9999727
12.987136285036144,-436757.76,0.0,1.0,4,0,1,0,16,1,0.9999726
11.913583638256984,-149279.69,0.0,1.0,4,0,0,0,21,1,0.9999726
13.362026242423145,-635409.32,635409.3200000001,1.0,1,0,1,0,4,1,0.99997246
13.361242425853991,-634911.47,634911.47,1.0,1,0,1,0,4,1,0.99997246
12.595428967702318,-295205.08,0.0,1.0,4,0,1,0,20,1,0.99997234
12.6004781207371,-296699.39,0.0,1.0,4,0,1,0,20,1,0.99997234
14.441041863185621,-1869237.83,1869237.8299999998,1.0,1,0,1,0,21,1,0.9999722
12.298103864504201,-219278.81,0.0,1.0,4,0,1,0,0,1,0.9999722
12.215971242371893,-201988.55,0.0,1.0,4,0,1,0,10,1,0.9999721
12.97744321827394,-432544.68,0.0,1.0,4,0,1,0,16,1,0.999972
14.105865637248074,-1336901.11,1336901.11,1.0,1,0,1,0,17,1,0.99997187
11.708038444903025,-121543.83,0.0,1.0,4,0,0,0,19,1,0.9999716
11.75546905274788,-127447.68,0.0,1.0,4,0,0,0,9,1,0.9999715
14.466532097751324,-1917497.63,1917497.62,1.0,1,0,1,0,18,1,0.9999714
5.407171771460119,-222.0,146939.35,1.0,1,0,0,0,8,1,0.9999713
11.202717853460472,-73328.47,0.0,1.0,4,0,0,0,21,1,0.99997115
13.950120442557203,-1144089.37,1376333.0300000003,1.0,1,0,1,0,18,1,0.99997115
12.630123955114017,-305627.0,0.0,1.0,4,0,1,0,17,1,0.9999708
10.983000096827972,-58863.89,0.0,1.0,4,0,0,0,22,1,0.9999707
11.057502854117999,-63416.99,0.0,1.0,4,0,0,0,22,1,0.99997056
13.939276884648026,-1131750.38,1131750.39,1.0,1,0,1,0,18,1,0.99997044
12.516466491957472,-272791.44,0.0,1.0,4,0,1,0,18,1,0.9999702
13.232026531423854,-557950.06,557950.06,1.0,1,0,1,0,2,1,0.9999702
12.091476557407422,-178344.25,0.0,1.0,4,0,0,0,15,1,0.9999702
11.718456176851788,-122816.67,0.0,1.0,4,0,0,0,15,1,0.9999701
11.104192874450845,-66448.19,0.0,1.0,4,0,0,0,1,1,0.9999701
14.129147251217015,-1368391.5,1368391.5,1.0,1,0,1,0,22,1,0.99996996
12.129405455215663,-185238.61,0.0,1.0,4,0,0,0,15,1,0.99996984
14.474647051583156,-1933121.35,1933121.34,1.0,1,0,1,0,13,1,0.9999697
14.453218313434988,-1892137.66,1892137.66,1.0,1,0,1,0,13,1,0.9999697
11.261564264166934,-77773.14,0.0,1.0,4,0,0,0,22,1,0.99996936
11.246133402256204,-76582.23,0.0,1.0,4,0,0,0,22,1,0.99996936
12.625067413617602,-304085.48,0.0,1.0,4,0,1,0,23,1,0.999969
11.304882695758433,-81216.23,0.0,1.0,4,0,0,0,1,1,0.999969
12.995852199592804,-440581.15,0.0,1.0,4,0,1,0,12,1,0.9999689
12.340397092354069,-228751.77,0.0,1.0,4,0,1,0,20,1,0.99996877
16.118095750958314,-10000000.0,0.0,0.858137504709995,4,0,1,0,10,1,0.99996865
13.186784585410983,-533269.77,533269.78,1.0,1,0,1,0,6,1,0.9999684
12.660257280392372,-314976.75,0.0,1.0,4,0,1,0,17,1,0.9999683
13.259107588396251,-573266.42,573266.42,1.0,1,0,1,0,6,1,0.99996805
11.896354008401133,-146729.67,0.0,1.0,4,0,0,0,15,1,0.99996805
12.487299012182472,-264949.69,0.0,1.0,4,0,1,0,18,1,0.99996793
12.068520093154449,-174296.71,0.0,1.0,4,0,0,0,1,1,0.99996746
11.79791198267644,-132973.41,0.0,1.0,4,0,0,0,9,1,0.99996734
13.955633296114375,-1150413.99,1150413.9900000002,1.0,1,0,1,0,0,1,0.99996734
13.448764426583796,-692984.55,692984.55,1.0,1,0,1,0,4,1,0.9999672
12.42147656299891,-248071.56,0.0,1.0,4,0,1,0,19,1,0.9999672
13.290868965050247,-591766.42,591766.4199999999,1.0,1,0,1,0,4,1,0.9999672
12.355855643764961,-232315.43,0.0,1.0,4,0,1,0,20,1,0.9999671
11.832150098866846,-137605.04,0.0,1.0,4,0,0,0,10,1,0.999967
13.707288362715541,-897427.17,897427.1799999999,1.0,1,0,1,0,22,1,0.999967
12.054879047556897,-171935.25,0.0,1.0,4,0,0,0,16,1,0.999967
11.957869970718674,-156039.36,0.0,1.0,4,0,0,0,10,1,0.99996674
11.967152800349657,-157494.6,0.0,1.0,4,0,0,0,20,1,0.99996674
11.173495538694057,-71216.62,0.0,1.0,4,0,0,0,1,1,0.9999664
15.462027728811764,-5188875.35,5009108.28,1.0,1,0,1,0,21,1,0.9999664
16.118095750958314,-10000000.0,10000000.0,1.0,1,0,1,0,22,1,0.9999664
15.532253517828254,-5566368.02,5566368.02,1.0,1,0,1,0,22,1,0.9999664
13.320233230530627,-609400.88,609400.8799999999,1.0,1,0,1,0,7,1,0.9999664
15.45951945375466,-5175876.53,5175876.529999999,1.0,1,0,1,0,22,1,0.9999664
15.204067205683037,-4009058.39,4009058.38,1.0,1,0,1,0,22,1,0.9999664
15.637352891118685,-6183238.55,6183238.550000001,1.0,1,0,1,0,21,1,0.9999664
16.118095750958314,-10000000.0,10000000.0,1.0,1,0,1,0,21,1,0.9999664
16.118095750958314,-10000000.0,10000000.0,1.0,1,0,1,0,22,1,0.9999664
16.118095750958314,-10000000.0,10000000.0,1.0,1,0,1,0,22,1,0.9999664
16.118095750958314,-10000000.0,10000000.0,1.0,1,0,1,0,22,1,0.9999664
16.118095750958314,-10000000.0,10000000.0,1.0,1,0,1,0,22,1,0.9999664
15.613592006303547,-6038051.03,6038051.03,1.0,1,0,1,0,21,1,0.9999664
15.245215989453106,-4177467.46,4177467.46,1.0,1,0,1,0,21,1,0.9999664
16.118095750958314,-10000000.0,10000000.0,1.0,1,0,1,0,22,1,0.9999664
15.241239325749515,-4160888.06,4160888.0600000005,1.0,1,0,1,0,22,1,0.9999664
15.70965823792514,-6646879.72,6646879.72,1.0,1,0,1,0,21,1,0.9999664
15.408746640722265,-4919642.57,4919642.57,1.0,1,0,1,0,21,1,0.9999664
11.310542048082176,-81677.17,0.0,1.0,4,0,0,0,11,1,0.99996614
13.52691833812065,-749316.7,749316.7000000001,1.0,1,0,1,0,6,1,0.999966
14.771395517841738,-2600970.32,2600970.3299999996,1.0,1,0,1,0,21,1,0.99996555
14.799383382110864,-2674794.22,2674794.2199999997,1.0,1,0,1,0,22,1,0.99996555
14.489754930868893,-1962548.46,1962548.46,1.0,1,0,1,0,16,1,0.99996555
13.591764737822599,-799517.33,0.0,1.0,4,0,1,0,23,1,0.9999654
16.118095750958314,-10000000.0,10000000.0,1.0,1,0,1,0,18,1,0.9999653
15.265388284205429,-4262592.28,4262592.29,1.0,1,0,1,0,18,1,0.9999653
12.075956215278447,-175597.64,0.0,1.0,4,0,0,0,20,1,0.9999653
16.03780871596372,-9228514.1,9228514.1,1.0,1,0,1,0,18,1,0.9999653
11.977260809802043,-159094.64,0.0,1.0,4,0,0,0,19,1,0.9999653
15.785294997419221,-7169129.94,7169129.94,1.0,1,0,1,0,18,1,0.9999653
16.118095750958314,-10000000.0,10000000.0,1.0,1,0,1,0,18,1,0.9999653
15.576834637293395,-5820137.62,5820137.62,1.0,1,0,1,0,18,1,0.9999653
16.118095750958314,-10000000.0,10000000.0,1.0,1,0,1,0,18,1,0.9999653
11.371936389975723,-86848.88,0.0,1.0,4,0,0,0,12,1,0.99996495
14.252396151781154,-1547877.98,1547877.99,1.0,1,0,1,0,12,1,0.99996483
12.581989471341458,-291264.2,0.0,1.0,4,0,1,0,12,1,0.99996483
14.21706665583739,-1494146.93,1494146.93,1.0,1,0,1,0,12,1,0.99996483
12.010676852166544,-164500.81,0.0,1.0,4,0,0,0,15,1,0.9999647
12.606079082163005,-298365.86,0.0,1.0,4,0,1,0,14,1,0.9999647
13.288268010932352,-590229.26,590229.26,1.0,1,0,1,0,7,1,0.9999646
13.417295623712748,-671516.68,671516.67,1.0,1,0,1,0,6,1,0.9999646
15.052418378120572,-3444943.59,3444943.5900000003,1.0,1,0,1,0,18,1,0.9999645
15.089284680895707,-3574316.05,3574316.06,1.0,1,0,1,0,18,1,0.9999645
13.372913108934744,-642364.74,642364.74,1.0,1,0,1,0,7,1,0.99996436
16.118095750958314,-10000000.0,0.0,0.7679916719720363,4,0,1,0,1,1,0.9999641
9.876784169701578,-19472.0,0.0,1.0,4,0,0,0,12,1,0.999964
11.98478705463805,-160296.55,0.0,1.0,4,0,0,0,20,1,0.999964
14.42109371066941,-1832319.42,2396177.27,1.0,1,0,1,0,14,1,0.9999639
15.513824932701256,-5464727.14,5464727.15,1.0,1,0,1,0,12,1,0.99996364
15.769986478681352,-7060216.94,7060216.94,1.0,1,0,1,0,12,1,0.99996364
12.58289390769659,-291527.75,0.0,1.0,4,0,1,0,17,1,0.9999635
13.740496161285781,-927729.13,927729.13,1.0,1,0,1,0,9,1,0.9999635
12.031172204016531,-167907.12,0.0,1.0,4,0,0,0,23,1,0.9999635
13.747864760907879,-934590.45,934590.44,1.0,1,0,1,0,10,1,0.9999634
14.563748483709876,-2113271.99,2113271.99,1.0,1,0,1,0,22,1,0.9999633
14.66555215657117,-2339743.18,2339743.18,1.0,1,0,1,0,21,1,0.99996316
14.579944996558845,-2147778.33,2147778.33,1.0,1,0,1,0,21,1,0.99996316
14.780642313666867,-2625132.51,2625132.5100000002,1.0,1,0,1,0,12,1,0.9999627
14.812359638084974,-2709729.22,2709729.2199999997,1.0,1,0,1,0,12,1,0.9999627
15.12582610800212,-3707342.38,3707342.38,1.0,1,0,1,0,12,1,0.9999627
11.749507434898025,-126690.14,0.0,1.0,4,0,0,0,17,1,0.9999627
15.137938598635746,-3752520.6,3752520.5999999996,1.0,1,0,1,0,12,1,0.9999627
12.653869743541529,-312971.23,0.0,1.0,4,0,1,0,20,1,0.99996257
12.003315803354111,-163294.35,0.0,1.0,4,0,0,0,19,1,0.99996233
16.118095750958314,-10000000.0,10000000.0,1.0,1,0,1,0,17,1,0.9999622
14.658331565038448,-2322909.69,2322909.6900000004,1.0,1,0,1,0,18,1,0.9999621
14.534740915538894,-2052851.64,2052851.65,1.0,1,0,1,0,18,1,0.9999621
15.839329891118677,-7567170.36,7567170.35,1.0,1,0,1,0,14,1,0.999962
15.143843939745254,-3774746.08,3774746.07,1.0,1,0,1,0,14,1,0.999962
16.118095750958314,-10000000.0,10000000.0,1.0,1,0,1,0,14,1,0.999962
16.118095750958314,-10000000.0,10000000.0,1.0,1,0,1,0,14,1,0.999962
16.090296621647713,-9725837.08,9725837.08,1.0,1,0,1,0,14,1,0.999962
15.819455936899532,-7418265.31,7418265.31,1.0,1,0,1,0,14,1,0.999962
12.085138995647045,-177217.55,0.0,1.0,4,0,0,0,10,1,0.9999616
15.139947876899631,-3760068.04,3760068.0400000005,1.0,1,0,1,0,17,1,0.99996126
15.122607744263622,-3695429.98,3695429.97,1.0,1,0,1,0,17,1,0.99996126
14.865986532156644,-2859010.61,2859010.61,1.0,1,0,1,0,14,1,0.999961
15.108200114051307,-3642569.29,3642569.2899999996,1.0,1,0,1,0,14,1,0.999961
14.816380935564734,-2720647.79,2720647.78,1.0,1,0,1,0,14,1,0.999961
14.819308992971193,-2728625.68,2728625.6899999995,1.0,1,0,1,0,14,1,0.999961
13.592512058629517,-800115.05,0.0,1.0,4,0,1,0,20,1,0.9999609
14.149954417390084,-1397162.15,1397162.1500000004,1.0,1,0,1,0,13,1,0.9999608
11.166977071057794,-70753.9,0.0,1.0,4,0,0,0,10,1,0.99996054
16.118095750958314,-10000000.0,0.0,0.5657029915639672,4,0,1,0,2,1,0.99996054
14.069488470464242,-1289142.33,1289142.33,1.0,1,0,1,0,19,1,0.99996054
9.995291593011165,-21922.0,0.0,1.0,4,0,0,0,9,1,0.9999603
14.72063981973212,-2472250.47,2472250.47,1.0,1,0,1,0,12,1,0.9999602
14.549264745136231,-2082884.49,2082884.4800000004,1.0,1,0,1,0,12,1,0.9999602
14.578281385030774,-2144208.23,2144208.23,1.0,1,0,1,0,12,1,0.9999602
13.216146355265563,-549159.68,549159.6799999997,1.0,1,0,1,0,6,1,0.9999602
14.599033669465609,-2189170.39,2189170.39,1.0,1,0,1,0,12,1,0.9999602
13.805415342315811,-989954.57,989954.57,1.0,1,0,1,0,9,1,0.99995995
11.753181675918317,-127156.49,0.0,1.0,4,0,0,0,18,1,0.9999597
16.118095750958314,-10000000.0,10000000.0,1.0,1,0,1,0,16,1,0.9999596
16.118095750958314,-10000000.0,10000000.0,1.0,1,0,1,0,16,1,0.9999596
16.09902551530462,-9811104.49,9811104.489999998,1.0,1,0,1,0,16,1,0.9999596
15.795265313454872,-7240965.96,7240965.96,1.0,1,0,1,0,16,1,0.9999596
15.822651019654014,-7442005.19,7442005.19,1.0,1,0,1,0,16,1,0.9999596
15.812264239136393,-7365106.76,7365106.760000001,1.0,1,0,1,0,16,1,0.9999596
10.606951580932101,-40413.81,0.0,1.0,4,0,0,0,9,1,0.99995935
12.02503949837994,-166880.54,0.0,1.0,4,0,0,0,17,1,0.99995923
12.07006693716677,-174566.53,0.0,1.0,4,0,0,0,17,1,0.99995923
13.484714477445934,-718350.64,718350.64,1.0,1,0,1,0,8,1,0.99995923
13.843444254028025,-1028326.5,1028326.5,1.0,1,0,1,0,19,1,0.9999591
14.756181283812595,-2561698.04,2561698.04,1.0,1,0,1,0,17,1,0.99995875
14.587013006348537,-2163012.63,2163012.63,1.0,1,0,1,0,17,1,0.99995875
11.629501817321508,-112363.33,0.0,1.0,4,0,0,0,9,1,0.99995875
14.657782051593891,-2321633.57,2321633.57,1.0,1,0,1,0,17,1,0.99995875
14.8234212582713,-2739869.62,2739869.62,1.0,1,0,1,0,16,1,0.9999585
13.136117415477385,-506923.53,506923.52999999997,1.0,1,0,1,0,4,1,0.9999585
11.362138504822727,-86002.09,0.0,1.0,4,0,0,0,13,1,0.9999585
14.919825558550414,-3017156.01,3017156.0,1.0,1,0,1,0,16,1,0.9999585
9.493105124201353,-13266.93,0.0,1.0,4,0,0,0,1,1,0.9999585
13.806097645176145,-990630.25,990630.2400000001,1.0,1,0,1,0,14,1,0.9999584
13.725241206808418,-913684.05,913684.05,1.0,1,0,1,0,14,1,0.9999584
14.152320601807917,-1400472.01,1400472.0100000002,1.0,1,0,1,0,12,1,0.9999583
11.299747219644583,-80800.21,0.0,1.0,4,0,0,0,13,1,0.9999583
11.498160598819583,-98533.36,0.0,1.0,4,0,0,0,12,1,0.99995804
12.421687728912236,-248123.95,0.0,1.0,4,0,1,0,16,1,0.99995744
10.789687462671461,-48516.87,0.0,1.0,4,0,0,0,12,1,0.9999572
10.788161293550928,-48442.88,0.0,1.0,4,0,0,0,21,1,0.9999572
15.286646018348875,-4354175.33,4778329.47,1.0,1,0,1,0,15,1,0.99995697
13.896040417729191,-1083860.21,1083860.21,1.0,1,0,1,0,15,1,0.99995697
16.118095750958314,-10000000.0,10000000.0,1.0,1,0,1,0,15,1,0.99995697
15.397188188668773,-4863106.47,4863106.47,1.0,1,0,1,0,15,1,0.99995697
16.118095750958314,-10000000.0,10000000.0,1.0,1,0,1,0,15,1,0.99995697
13.737455239124628,-924912.26,924912.2600000002,1.0,1,0,1,0,19,1,0.9999566
12.962603086420824,-426173.04,0.0,1.0,4,0,1,0,19,1,0.99995637
11.353979439161186,-85303.24,0.0,1.0,4,0,0,0,22,1,0.99995637
12.626339203055995,-304472.46,0.0,1.0,4,0,1,0,18,1,0.99995625
12.622917590313827,-303432.45,0.0,1.0,4,0,1,0,18,1,0.99995625
11.21771593214267,-74436.56,0.0,1.0,4,0,0,0,15,1,0.99995625
16.118095750958314,-10000000.0,0.0,0.8047592243733492,4,0,1,0,22,1,0.99995613
10.785202781542576,-48299.77,0.0,1.0,4,0,0,0,11,1,0.999956
14.917160425182546,-3009125.59,3009125.5900000003,1.0,1,0,1,0,15,1,0.9999559
13.601425578618306,-807278.78,807278.78,1.0,1,0,1,0,8,1,0.9999559
12.13075210004493,-185488.23,0.0,1.0,4,0,0,0,10,1,0.9999559
14.603161097481577,-2198224.71,2198224.71,1.0,1,0,1,0,16,1,0.9999558
11.511018147195557,-99808.45,0.0,1.0,4,0,0,0,12,1,0.9999554
12.997762140551517,-441423.44,0.0,1.0,4,0,1,0,19,1,0.9999553
13.147882282667206,-512922.65,512922.64,1.0,1,0,1,0,7,1,0.9999552
13.113876747617919,-495773.64,495773.63999999996,1.0,1,0,1,0,7,1,0.9999552
10.786051682947162,-48340.79,0.0,1.0,4,0,0,0,10,1,0.99995387
13.377169148293941,-645104.5,645104.5,1.0,1,0,1,0,1,1,0.9999534
14.763321727978639,-2580055.17,2580055.1799999997,1.0,1,0,1,0,15,1,0.9999529
14.54345293794445,-2070814.27,2070814.27,1.0,1,0,1,0,15,1,0.9999529
14.483531983891377,-1950373.54,1950373.5399999998,1.0,1,0,1,0,19,1,0.9999528
14.077045078289284,-1298920.78,1298920.7800000003,1.0,1,0,1,0,9,1,0.99995255
13.3450060673084,-624686.04,624686.0299999999,1.0,1,0,1,0,8,1,0.9999523
13.952121837863084,-1146381.44,1146381.44,1.0,1,0,1,0,20,1,0.9999521
13.726971815145081,-915266.65,915266.6499999999,1.0,1,0,1,0,20,1,0.99995196
9.851315977836471,-18982.32,18982.319999999832,1.0,1,0,0,0,2,1,0.9999516
10.464948209083028,-35063.63,0.0,1.0,4,0,0,0,1,1,0.9999515
11.269053175151209,-78357.77,0.0,1.0,4,0,0,0,0,1,0.9999511
16.118095750958314,-10000000.000000002,0.0,0.5232620202061145,4,0,1,0,3,1,0.9999511
16.118095750958314,-10000000.000000002,0.0,0.42415481776398206,4,0,1,0,2,1,0.999951
15.948910990046809,-8443528.7,8443528.7,1.0,1,0,1,0,19,1,0.99995077
12.700080083121925,-327773.15,327773.15,1.0,1,0,1,0,4,1,0.99995077
16.118095750958314,-10000000.0,9838091.280000001,1.0,1,0,1,0,19,1,0.99995077
15.307406325725427,-4445514.2,4445514.2,1.0,1,0,1,0,19,1,0.99995077
13.064538482691807,-471906.6,471906.58999999997,1.0,1,0,1,0,5,1,0.9999504
10.807178033618545,-49372.94,0.0,1.0,4,0,0,0,11,1,0.99994993
15.09438616726633,-3592596.97,3592596.97,1.0,1,0,1,0,19,1,0.9999496
11.942159702478826,-153607.08,0.0,1.0,4,0,0,0,15,1,0.99994934
11.570290002009775,-105903.18,0.0,1.0,4,0,0,0,13,1,0.9999491
11.0020518400522,-59996.12,0.0,1.0,4,0,0,0,12,1,0.999949
16.118095750958314,-10000000.0,9889739.75,1.0,1,0,1,0,20,1,0.9999485
15.23184602975358,-4121986.59,4121986.59,1.0,1,0,1,0,20,1,0.9999485
15.740650057112095,-6856104.02,6856104.02,1.0,1,0,1,0,20,1,0.9999485
14.140358334445287,-1383818.98,1383818.98,1.0,1,0,1,0,9,1,0.99994814
13.420575409721623,-673722.73,673722.73,1.0,1,0,1,0,1,1,0.9999479
13.401126579714397,-660746.19,660746.1900000001,1.0,1,0,1,0,1,1,0.9999479
9.874201368130965,-19421.77,0.0,1.0,4,0,0,0,17,1,0.9999479
10.803876722056005,-49210.21,0.0,1.0,4,0,0,0,10,1,0.9999474
15.116207503797549,-3671853.86,3671853.86,1.0,1,0,1,0,20,1,0.9999472
15.638205843697579,-6188514.81,6043074.35,1.0,1,0,1,0,13,1,0.9999471
15.42373570930083,-4993938.87,4993938.87,1.0,1,0,1,0,13,1,0.9999471
16.118095750958314,-10000000.0,10000000.0,1.0,1,0,1,0,13,1,0.9999471
10.930064309804472,-55828.87,0.0,1.0,4,0,0,0,12,1,0.9999467
12.184386951375949,-195708.55,0.0,1.0,4,0,0,0,10,1,0.9999465
13.203749557598995,-542393.87,542393.87,1.0,1,0,1,0,8,1,0.99994624
14.530831092641222,-2044841.02,2044841.02,1.0,1,0,1,0,19,1,0.9999461
